seqid	CANYA
ABCA4_Ter2274ArgextTer34	0.12917205691337585
ABCA4_Ter2274CysextTer34	0.13081997632980347
ABCB4_Ter1280ArgextTer19	0.22743159532546997
ACADVL_Ter656CysextTer54	0.1161816418170929
ACTA1_Ter378GlnextTer47	0.1690666675567627
ACTA1_Ter378TrpextTer47	0.1682877242565155
ACTA1_Ter378TyrextTer47	0.1682877242565155
ADAR_Ter1227GlnextTer21	0.25947704911231995
AGL_Ter1533TyrextTer58	0.5529200434684753
AIRE_Ter546CysextTer60	0.12690290808677673
AIRE_Ter546LeuextTer60	0.12690290808677673
AIRE_Ter546SerextTer60	0.12690290808677673
ALDH5A1_Ter536GlnextTer6	0.12026110291481018
APOA2_Ter101ArgextTer21	0.5174699425697327
APOA2_Ter101CysextTer21	0.573572039604187
APOA2_Ter101GlyextTer21	0.5483421385288239
APOA2_Ter101LeuextTer21	0.5535468757152557
APOA2_Ter101SerextTer21	0.550786167383194
ARSB_Ter534GlnextTer50	0.18907016515731812
ARSB_Ter534TrpextTer50	0.18907016515731812
AR_Ter921ArgextTer95	0.18127211928367615
ASL_Ter465TyrextTer50	0.18059560656547546
ASPA_Ter314TrpextTer45	0.15017837285995483
ATM_Ter3057GlyextTer29	0.22148418426513672
ATM_Ter3057LeuextTer29	0.22148418426513672
ATM_Ter3057SerextTer29	0.22148418426513672
ATP1A2_Ter1021ArgextTer28	0.15065941214561462
ATP6V0A4_Ter841GlnextTer53	0.14832273125648499
ATP6V0C_Ter156LeuextTer35	0.1332273930311203
ATP7B_Ter1466ArgextTer1	0.09563305974006653
BAP1_Ter730ArgextTer205	0.1466229259967804
BBS12_Ter711GlnextTer17	0.31165874004364014
BBS12_Ter711TyrextTer17	0.24180185794830322
CAPN3_Ter822ArgextTer62	0.11513075232505798
CAPN3_Ter822LeuextTer62	0.11513075232505798
CASR_Ter1079GlnextTer8	0.10878196358680725
CCDC174_Ter468TrpextTer6	0.13923713564872742
CDC42_Ter192CysextTer24	0.21686193346977234
CDKN1B_Ter199GlnextTer60	0.1614198088645935
CEP164_Ter1461TrpextTer57	0.11413021385669708
CEP290_Ter2480GlnextTer16	0.5732861161231995
CFTR_Ter1481TrpextTer4	0.14289498329162598
CLCF1_Ter226ArgextTer170	0.14261841773986816
CLCN5_Ter817TrpextTer46	0.3380897343158722
CLDN11_Ter208GlnextTer39	0.15730077028274536
CLRN1_Ter233ArgextTer22	0.31626418232917786
CNOT2_Ter541LeuextTer65	0.17913870513439178
COL1A2_Ter1367GlnextTer5	0.08410510420799255
COL2A1_Ter1488GlnextTer34	0.15890565514564514
COL3A1_Ter1467GlnextTer45	0.23414170742034912
COL3A1_Ter1467LeuextTer45	0.23414170742034912
COL6A2_Ter1020TyrextTer85	0.12693503499031067
COL7A1_Ter2945ArgextTer51	0.15818367898464203
COL7A1_Ter2945CysextTer51	0.15818367898464203
CPB1_Ter418TrpextTer37	0.2342047244310379
CRB1_Ter1407LysextTer111	0.20215898752212524
CRPPA_Ter452ArgextTer28	0.19213008880615234
CRX_Ter300GlnextTer118	0.15840163826942444
CRX_Ter300TrpextTer118	0.15840163826942444
CRYAA_Ter174GlnextTer41	0.1625291407108307
CRYAA_Ter174SerextTer41	0.1625291407108307
CRYAB_Ter176TrpextTer19	0.13555580377578735
CRYAB_Ter176TyrextTer19	0.13887733221054077
CRYBB1_Ter253ArgextTer26	0.22184452414512634
CRYBB3_Ter212ArgextTer40	0.14937534928321838
CRYM_Ter315TyrextTer5	0.1008630096912384
CTSK_Ter330TrpextTer19	0.15242552757263184
CYBB_Ter571TyrextTer8	0.11955791711807251
CYP11A1_Ter522ArgextTer68	0.20753240585327148
DBT_Ter483LeuextTer7	0.1426035761833191
DDX59_Ter620LeuextTer22	0.13997206091880798
DES_Ter471TyrextTer151	0.13200980424880981
DHCR7_Ter476GlnextTer51	0.13753052055835724
DNAJC12_Ter199ArgextTer42	0.39888885617256165
DNAJC12_Ter199LeuextTer42	0.39888885617256165
DOK7_Ter505ArgextTer182	0.15089404582977295
ECHS1_Ter291ArgextTer21	0.14451104402542114
EDARADD_Ter216TrpextTer13	0.17539027333259583
EDA_Ter392GlnextTer29	0.11323723196983337
EFEMP1_Ter494GlnextTer29	0.15987654030323029
EFEMP1_Ter494GluextTer29	0.15834331512451172
ENTPD1_Ter511GlnextTer100	0.18052762746810913
EP300_Ter2415TrpextTer30	0.14485952258110046
ERCC4_Ter917ArgextTer83	0.16119056940078735
ETFDH_Ter618GlnextTer13	0.142745703458786
EYA1_Ter593GlnextTer6	0.09726265072822571
EYA1_Ter593TyrextTer6	0.10382199287414551
F7_Ter445GlnextTer31	0.1730979084968567
F8_Ter2352ArgextTer34	0.09794560074806213
F8_Ter2352CysextTer34	0.101188063621521
F8_Ter2352GlyextTer34	0.101188063621521
FA2H_Ter373CysextTer48	0.09646818041801453
FGB_Ter492GlnextTer12	0.1562109887599945
FGB_Ter492GluextTer12	0.14009439945220947
FGB_Ter492LysextTer12	0.14172327518463135
FGB_Ter492TrpextTer12	0.1656734049320221
FGFR3_Ter807ArgextTer101	0.1487112045288086
FGFR3_Ter807CysextTer101	0.14954468607902527
FGFR3_Ter807GlyextTer101	0.1487112045288086
FGFR3_Ter807LeuextTer101	0.14954468607902527
FGFR3_Ter807SerextTer101	0.1487112045288086
FGFR3_Ter807TrpextTer101	0.14954468607902527
FHL1_Ter297GluextTer52	0.28221243619918823
FKRP_Ter496ArgextTer21	0.19210080802440643
FLRT1_Ter675ArgextTer50	0.11857408285140991
FOXE3_Ter320ArgextTer72	0.1528894007205963
FOXE3_Ter320CysextTer72	0.1528894007205963
FOXE3_Ter320LeuextTer72	0.1528894007205963
FOXE3_Ter320SerextTer72	0.1528894007205963
FOXF1_Ter380ArgextTer73	0.13494093716144562
FOXF1_Ter380SerextTer73	0.13494093716144562
FUCA1_Ter467LysextTer79	0.19682370126247406
FZD4_Ter538SerextTer2	0.08447358012199402
G6PC1_Ter358TyrextTer43	0.12941409647464752
GALC_Ter686GlnextTer42	0.24037212133407593
GALNS_Ter523GluextTer92	0.115028977394104
GALNS_Ter523TrpextTer92	0.115028977394104
GALT_Ter380ArgextTer49	0.18633291125297546
GALT_Ter380CysextTer49	0.18633291125297546
GATA1_Ter414ArgextTer41	0.114399254322052
GBA1_Ter537ArgextTer15	0.20823830366134644
GCDH_Ter439TrpextTer27	0.13118663430213928
GCH1_Ter251ArgextTer35	0.24315066635608673
GCK_Ter466ArgextTer144	0.1365639567375183
GCK_Ter466GlyextTer144	0.1365639567375183
GCK_Ter466LeuextTer144	0.1365639567375183
GDF9_Ter455SerextTer8	0.13238555192947388
GIGYF1_Ter1036GlyextTer72	0.1391773521900177
GIPC3_Ter313GlnextTer98	0.11959707736968994
GJB1_Ter284SerextTer53	0.10705703496932983
GJB1_Ter284TrpextTer53	0.10705703496932983
GLI2_Ter1570TyrextTer46	0.15403997898101807
GNRHR_Ter329TrpextTer22	0.155029296875
HBA2_Ter143GlnextTer31	0.13110607862472534
HBA2_Ter143GluextTer31	0.13110607862472534
HBA2_Ter143LeuextTer31	0.13089029490947723
HBA2_Ter143LysextTer31	0.12940241396427155
HBA2_Ter143SerextTer31	0.13110607862472534
HBA2_Ter143TyrextTer31	0.1297699213027954
HBB_Ter148GlnextTer21	0.1494482159614563
HBB_Ter148LysextTer21	0.14494134485721588
HBB_Ter148SerextTer21	0.1489277482032776
HBD_Ter148ArgextTer16	0.0880395770072937
HBD_Ter148LeuextTer16	0.0884597897529602
HGD_Ter446ArgextTer24	0.22196438908576965
HGSNAT_Ter636TrpextTer12	0.1312260925769806
HNRNPA1_Ter373GlnextTer6	0.08768448233604431
HNRNPA1_Ter373GluextTer6	0.08721774816513062
HNRNPA1_Ter373SerextTer6	0.08929187059402466
HOMER2_Ter344TrpextTer10	0.31133779883384705
HSD3B2_Ter373CysextTer95	0.32690976560115814
HYLS1_Ter300TyrextTer11	0.42979896068573
IFT122_Ter1242TrpextTer46	0.2129942774772644
IKBKG_Ter420GlnextTer27	0.15077173709869385
IKBKG_Ter420TrpextTer27	0.1541658192873001
ITM2B_Ter267ArgextTer11	0.10267201066017151
ITM2B_Ter267LeuextTer11	0.11920443177223206
ITM2B_Ter267SerextTer11	0.10483545064926147
KCNJ11_Ter391ArgextTer93	0.16986997425556183
KCNV2_Ter546GlnextTer60	0.18625840544700623
KCNV2_Ter546SerextTer60	0.1853485405445099
KCNV2_Ter546TyrextTer60	0.1853485405445099
KMT5B_Ter886GlnextTer25	0.21478629112243652
KRT5_Ter591SerextTer37	0.1440970003604889
LAMB3_Ter1173TrpextTer56	0.1830434799194336
LETM1_Ter740TyrextTer26	0.19150078296661377
LIPG_Ter501ArgextTer49	0.11391788721084595
LTBP3_Ter1304CysextTer12	0.3574157953262329
MAT1A_Ter396TyrextTer68	0.1446170210838318
MBTPS1_Ter1053ArgextTer51	0.144982248544693
MBTPS1_Ter1053CysextTer51	0.144982248544693
MCCC2_Ter564GlnextTer3	0.08771151304244995
MECP2_Ter499ArgextTer27	0.15959343314170837
MECP2_Ter499CysextTer27	0.15959343314170837
MECP2_Ter499LeuextTer27	0.15959343314170837
MECP2_Ter499TrpextTer27	0.15959343314170837
MITF_Ter527GlnextTer33	0.10945352911949158
MITF_Ter527TyrextTer33	0.10945352911949158
MMACHC_Ter283SerextTer14	0.2425515055656433
MOCS2_Ter189TyrextTer18	0.2780391573905945
MPZ_Ter249GlnextTer64	0.1376061737537384
MPZ_Ter249GluextTer64	0.1376061737537384
MTHFR_Ter657ArgextTer50	0.14832988381385803
MTHFR_Ter657SerextTer50	0.14832988381385803
MUTYH_Ter522GlyextTer3	0.10673466324806213
MVK_Ter397ArgextTer34	0.19394975900650024
MYBPC3_Ter1275TrpextTer76	0.17959138751029968
MYH7_Ter1936LeuextTer31	0.14348100125789642
MYH7_Ter1936TrpextTer31	0.14348100125789642
MYH7_Ter1936TyrextTer31	0.14348100125789642
MYLK3_Ter820SerextTer19	0.15322473645210266
MYOC_Ter505TrpextTer42	0.12820905447006226
NDP_Ter134SerextTer44	0.12087136507034302
NHP2_Ter154ArgextTer51	0.12484237551689148
NKX2-1_Ter402ArgextTer63	0.1361401379108429
NMNAT1_Ter280GlnextTer15	0.22713720798492432
NMNAT1_Ter280LeuextTer15	0.23763138055801392
NPHS2_Ter384GlnextTer7	0.11885637044906616
NR0B1_Ter471GlnextTer18	0.4537157416343689
NR0B1_Ter471GluextTer18	0.417080819606781
NR0B1_Ter471LeuextTer18	0.44888192415237427
NR0B1_Ter471LysextTer18	0.4259118139743805
NRL_Ter238LeuextTer58	0.19913876056671143
OPA1_Ter1016TyrextTer13	0.3044348955154419
OTC_Ter355CysextTer14	0.5074852108955383
OTC_Ter355TrpextTer14	0.4333110749721527
PAFAH1B1_Ter411CysextTer28	0.13285815715789795
PAFAH1B1_Ter411TrpextTer28	0.12992310523986816
PAX6_Ter437GlnextTer14	0.09520372748374939
PAX6_Ter437LeuextTer14	0.09176245331764221
PAX6_Ter437TyrextTer14	0.0880868136882782
PCBD1_Ter105GlnextTer14	0.14366140961647034
PCSK9_Ter693GlyextTer19	0.15482467412948608
PDE6B_Ter855TrpextTer30	0.1695738434791565
PDE6C_Ter859GlnextTer48	0.13753464818000793
PDGFB_Ter242GlnextTer89	0.14947853982448578
PDGFB_Ter242TyrextTer89	0.14947853982448578
PEX1_Ter1284GlnextTer28	0.1806911826133728
PHEX_Ter750GlnextTer9	0.2238430380821228
PHEX_Ter750LeuextTer9	0.19062605500221252
PHEX_Ter750TyrextTer9	0.20108869671821594
PHOX2B_Ter315ArgextTer41	0.12112058699131012
PHOX2B_Ter315CysextTer41	0.12112058699131012
PHOX2B_Ter315LeuextTer41	0.12112058699131012
PHOX2B_Ter315SerextTer41	0.12112058699131012
PHOX2B_Ter315TrpextTer41	0.1221720278263092
PIEZO1_Ter2522GlnextTer46	0.12253731489181519
PIK3CA_Ter1069TrpextTer4	0.09481573104858398
PKD2_Ter969ArgextTer12	0.2650027871131897
PKD2_Ter969LeuextTer12	0.4717411398887634
PLP1_Ter278CysextTer14	0.14990508556365967
PLP1_Ter278TrpextTer14	0.14450150728225708
PMP22_Ter161TrpextTer10	0.24246838688850403
PNPO_Ter262GlnextTer28	0.1578231155872345
POLG_Ter1240GlnextTer35	0.16032972931861877
POLH_Ter714TrpextTer8	0.34145134687423706
PORCN_Ter462SerextTer105	0.13907761871814728
POU3F4_Ter362ArgextTer113	0.15894970297813416
PROC_Ter462GlnextTer17	0.2201586365699768
PROS1_Ter677TyrextTer14	0.20282453298568726
PRPF31_Ter500LeuextTer23	0.14637166261672974
PRPF8_Ter2336ArgextTer41	0.1453605592250824
PRPF8_Ter2336SerextTer41	0.1453605592250824
PRPF8_Ter2336TrpextTer41	0.1453605592250824
PRRT2_Ter341ArgextTer28	0.1412642002105713
PRRT2_Ter341CysextTer28	0.1412642002105713
PRRT2_Ter341LeuextTer28	0.1412642002105713
PSENEN_Ter102ArgextTer50	0.12320226430892944
PTEN_Ter404CysextTer8	0.6363756656646729
PTEN_Ter404SerextTer8	0.4479621350765228
PTHLH_Ter178TrpextTer53	0.3164714574813843
RAB18_Ter207GluextTer20	0.45198503136634827
RAB39B_Ter214GlnextTer21	0.125011146068573
RAD50_Ter1313TyrextTer66	0.17131224274635315
RDH5_Ter319ArgextTer32	0.10839644074440002
RGS7_Ter496ArgextTer19	0.12921485304832458
RHO_Ter349GluextTer51	0.12062691152095795
RMND1_Ter450SerextTer31	0.21566888689994812
RNASEH2C_Ter165SerextTer135	0.13641124963760376
RP1L1_Ter2401TyrextTer5	0.10320675373077393
RRM2B_Ter352LeuextTer9	0.11579528450965881
RUNX2_Ter522SerextTer23	0.27634699642658234
SCN1B_Ter219GlnextTer214	0.12958437204360962
SCN4A_Ter1837TyrextTer50	0.11849364638328552
SDHD_Ter160LeuextTer3	0.08719602227210999
SEPTIN6_Ter428GlnextTer9	0.25645238161087036
SERPING1_Ter501ArgextTer46	0.1652638018131256
SFXN4_Ter338GlnextTer2	0.07990807294845581
SH2D1A_Ter129ArgextTer12	0.13831213116645813
SH2D1A_Ter129GlyextTer12	0.15077531337738037
SHOX_Ter293ArgextTer48	0.10658028721809387
SLC25A38_Ter305ArgextTer28	0.16986292600631714
SLC26A4_Ter781TrpextTer42	0.1359628438949585
SLC2A1_Ter493ArgextTer55	0.13124044239521027
SLC38A8_Ter436ArgextTer33	0.23901930451393127
SOX10_Ter467LysextTer86	0.13988247513771057
SOX10_Ter467TyrextTer86	0.13988247513771057
SOX17_Ter415TrpextTer48	0.21980077028274536
SPAST_Ter617GluextTer46	0.21971678733825684
SRD5A2_Ter255GlnextTer28	0.10021853446960449
SRD5A2_Ter255SerextTer28	0.10021853446960449
ST3GAL5_Ter419ArgextTer38	0.17468807101249695
ST6GALNAC5_Ter337GlnextTer20	0.14315512776374817
STXBP1_Ter595GlnextTer67	0.16424570977687836
TBX6_Ter437CysextTer81	0.1288958638906479
TERT_Ter1133TrpextTer39	0.15520907938480377
TMEM230_Ter121TrpextTer6	0.1566126048564911
TMEM70_Ter261TrpextTer17	0.1890409290790558
TMPRSS3_Ter454ArgextTer9	0.13273176550865173
TNFRSF11B_Ter402LeuextTer19	0.15575635433197021
TPM3_Ter286SerextTer57	0.1619938611984253
UBA5_Ter405LeuextTer12	0.2159779965877533
UBE3A_Ter873LeuextTer44	0.10715195536613464
VHL_Ter214ArgextTer14	0.15064874291419983
VHL_Ter214LeuextTer14	0.15605714917182922
WAS_Ter503ArgextTer79	0.13299567997455597
WAS_Ter503SerextTer79	0.13299567997455597
WFS1_Ter891CysextTer14	0.19669842720031738
WSCD2_Ter566CysextTer8	0.18390294909477234
WT1_Ter523TrpextTer22	0.2768268883228302
